{
  "project_info": {
    "project_number": "812470096071",
    "firebase_url": "https://growgirl-25296.firebaseio.com",
    "project_id": "growgirl-25296",
    "storage_bucket": "growgirl-25296.appspot.com"
  },
  "client": [
    {
      "client_info": {
        "mobilesdk_app_id": "1:812470096071:android:3d3b1731a8e8d7d2",
        "android_client_info": {
          "package_name": "itp341.hampson.lauren.growgirl"
        }
      },
      "oauth_client": [
        {
          "client_id": "812470096071-h9qgn82eo4o8n99k6eto0q8oq4o74lhr.apps.googleusercontent.com",
          "client_type": 1,
          "android_info": {
            "package_name": "itp341.hampson.lauren.growgirl",
            "certificate_hash": "0300a3a606ec5da1005c96b472aa3e1457f26a1d"
          }
        }
      ],
      "api_key": [
        {
          "current_key": "AIzaSyAoWLZkyQhW6jCHJHxoZwzLFhIRj_Lw51E"
        }
      ],
      "services": {
        "appinvite_service": {
          "other_platform_oauth_client": [
            {
              "client_id": "812470096071-pooh8l0qevj24kf8vee3u1kvh2e4ss14.apps.googleusercontent.com",
              "client_type": 3
            }
          ]
        }
      }
    }
  ],
  "configuration_version": "1"
}